,Feature,approx_mean_1,approx_std_1,approx_mean_2,approx_std_2
0,1x49:7x50,7.636774656772238e+00,1.1286469877339165,4.857190794440387,0.4148344203639831
1,1x53:7x53,9.656557520112798,1.118438337310714,5.700972356494424,0.6604925510846025
2,1x53:7x54,9.144548227118264,1.8022612610387219,5.841523020398813,1.1256822281286587
3,2x37:2x40,4.884529352608272,0.5783875841812847,7.962560976332558,1.6538389462278482
4,2x46:2x50,6.869056564869321,0.487993142601365,5.911181173175934,0.3854600434616218
5,2x50:3x39,6.713520503726002,0.7181961174262842,4.692854524174101,0.27498661511637235
6,2x50:7x49,5.208620531973221,0.3210702191486846,7.752765186800438,1.6076790550527138
7,2x57:7x42,8.172835953625226,1.8750382071332181,5.090878921170205,0.6201146116931869
8,3x40:6x48,5.853364482058994,0.8248897683887092,8.404128887462544,0.7001850376845278
9,3x43:6x40,8.866043965920333,1.723431364300789,6.129217563501646,0.641258449408529
10,3x43:6x41,5.165453327205522,0.48303672514462814,9.919228823409952,1.1854996597620668
11,3x43:7x49,8.94541724136879,1.84158120343566,6.945959667079136,1.2262212784206
12,3x43:7x53,7.304368011616197,1.4872437556472138,10.717482018236488,1.5411077817596979
13,3x46:6x37,10.473661156194781,2.4655716449354537,5.275699038654051,0.6199129050271974
14,3x46:7x53,5.705920075447414,0.526134333089857,9.720637940688224,1.3098616016643743
15,3x46:3x50,5.540346185548808,0.6691504019453091,7.165784171608636,0.6913973099170659
16,3x49:3x50,4.794066700094684,0.19393419363950984,6.615142601108037,0.7411569465065528
17,3x50:3x53,5.006535227988078,0.5411326911229761,7.493324065380387,0.7529304156134733
18,3x50:7x53,13.290576207418946,1.7015095860683367,7.7494297885417405,0.9343207910571825
19,5x51:6x44,10.629037800339194,1.7514498538496344,6.151117136728466,0.8218764451929749
20,5x55:6x41,5.848006459679406,0.7235695363643704,9.788656140612751,1.4360089259332212
21,5x58:6x40,10.302804751397076,1.552745576228483,6.018377264061016,0.7984037620135014
22,5x62:6x37,5.454059334752837,0.5738517187482896,12.226372950080915,2.33269909638477
23,6x40:7x49,5.466774278225953,0.6275255396423889,9.224838273584812,1.8916948963333955
24,7x50:7x55,10.839766584695719,0.9749252276408307,7.45375217295854,1.3131169262723967
25,7x52:7x53,5.741970265886979,0.681814459784227,7.738371569708912,0.7316438963076781
26,7x53:8x50,9.652210611672379,1.738816446384179,5.991880296761881,0.8372940174147132
27,7x54:8x50,5.910447814588312,1.0033878520663584,11.495513119858396,1.9775783448035338
28,7x54:8x51,8.856691612634828,1.8606755459554518,5.291626445189983,0.7602336557563112
