,Numeration
0,1x20
1,1x21
2,1x22
3,1x23
4,1x24
5,1x25
6,1x26
7,1x27
8,1x28
9,1x29
10,1x30
11,1x31
12,1x32
13,1x33
14,1x34
15,1x35
16,1x36
17,1x37
18,1x38
19,1x39
20,1x40
21,1x41
22,1x411
23,1x42
24,1x43
25,1x44
26,1x45
27,1x46
28,1x47
29,1x48
30,1x49
31,1x50
32,1x51
33,1x52
34,1x53
35,1x54
36,1x55
37,1x56
38,1x57
39,1x58
40,1x59
41,1x60
42,1x61
43,1x62
44,1x63
45,1x64
47,2x32
48,2x33
49,2x34
50,2x35
51,2x36
52,2x37
53,2x38
54,2x39
55,2x40
56,2x41
57,2x42
58,2x43
59,2x44
60,2x45
61,2x46
62,2x47
63,2x48
64,2x49
65,2x50
66,2x51
67,2x52
68,2x53
69,2x54
70,2x55
71,2x551
72,2x56
73,2x57
74,2x58
75,2x59
76,2x60
77,2x61
78,2x62
79,2x63
80,2x64
81,2x65
82,2x66
83,2x67
84,2x68
85,2x69
87,3x10
88,3x11
89,3x12
90,3x13
91,3x14
92,3x15
93,3x16
94,3x17
95,3x18
96,3x19
97,3x20
98,3x21
99,3x22
100,3x23
101,3x24
102,3x25
103,3x26
104,3x27
105,3x28
106,3x29
107,3x30
108,3x31
109,3x32
110,3x33
111,3x34
112,3x35
113,3x36
114,3x37
115,3x38
116,3x39
117,3x40
118,3x41
119,3x42
120,3x43
121,3x44
122,3x45
123,3x46
124,3x47
125,3x48
126,3x49
127,3x50
128,3x51
129,3x52
130,3x53
131,3x54
132,3x55
133,3x56
135,4x34
136,4x35
137,4x36
138,4x37
139,4x38
140,4x39
141,4x40
142,4x41
143,4x42
144,4x43
145,4x44
146,4x45
147,4x46
148,4x47
149,4x48
150,4x49
151,4x50
152,4x51
153,4x52
154,4x53
155,4x54
156,4x55
157,4x56
158,4x57
159,4x58
160,4x59
161,4x60
162,4x61
163,4x62
164,4x63
165,4x64
166,4x65
167,4x66
168,4x67
169,4x68
170,4x69
172,5x24
173,5x25
174,5x26
175,5x27
176,5x28
177,5x29
178,5x30
179,5x31
180,5x32
181,5x33
182,5x34
183,5x35
184,5x36
185,5x37
186,5x38
187,5x39
188,5x40
189,5x41
190,5x411
191,5x42
192,5x43
193,5x44
194,5x45
195,5x46
196,5x461
197,5x47
198,5x48
199,5x49
200,5x50
201,5x51
202,5x52
203,5x53
204,5x54
205,5x55
206,5x56
207,5x57
208,5x58
209,5x59
210,5x60
211,5x61
212,5x62
213,5x63
214,5x64
215,5x65
216,5x66
217,5x67
218,5x68
219,5x69
220,5x70
221,5x71
222,5x72
223,5x73
224,5x74
225,5x75
226,5x76
227,5x77
228,5x78
229,5x79
230,5x80
231,5x81
232,5x82
233,5x83
234,5x84
235,5x85
236,5x86
238,6x14
239,6x15
240,6x16
241,6x17
242,6x18
243,6x19
244,6x20
245,6x21
246,6x22
247,6x23
248,6x24
249,6x25
250,6x26
251,6x27
252,6x28
253,6x29
254,6x30
255,6x31
256,6x32
257,6x33
258,6x34
259,6x35
260,6x36
261,6x37
262,6x38
263,6x39
264,6x40
265,6x41
266,6x42
267,6x43
268,6x44
269,6x45
270,6x46
271,6x461
272,6x47
273,6x48
274,6x49
275,6x50
276,6x51
277,6x52
278,6x53
279,6x54
280,6x55
281,6x56
282,6x57
283,6x58
284,6x59
285,6x60
286,6x61
287,6x62
288,6x63
289,6x64
290,6x65
292,7x23
293,7x24
294,7x25
295,7x26
296,7x27
297,7x28
298,7x29
299,7x30
300,7x31
301,7x32
302,7x33
303,7x34
304,7x35
305,7x36
306,7x37
307,7x38
308,7x39
309,7x40
310,7x41
311,7x42
312,7x43
313,7x45
314,7x46
315,7x47
316,7x48
317,7x49
318,7x50
319,7x51
320,7x52
321,7x53
322,7x54
323,7x55
324,7x56
325,7x57
326,7x58
327,7x59
328,7x60
329,7x61
330,7x62
331,7x63
332,7x64
334,8x47
335,8x48
336,8x49
337,8x50
338,8x51
339,8x52
340,8x53
341,8x54
342,8x55
343,8x56
344,8x57
345,8x58
346,8x59
347,8x60
348,8x61
349,8x62
350,8x63
351,8x64
352,8x65
353,8x66
354,8x67
355,8x68
356,8x69
357,8x70
358,8x71
359,8x72
